{
    "nodes": [
        {
            "x": 0,
            "y": 0,
            "label": "D Pressed",
            "node_type": "NLKeyPressedCondition",
            "links": [],
            "values": [
                {
                    "index": 0,
                    "value": "D"
                }, {
                    "index": "input_type",
                    "value": "1"
                }
            ]
        }, {
            "x": 0,
            "y": -40,
            "label": "A Pressed",
            "node_type": "NLKeyPressedCondition",
            "links": [],
            "values": [
                {
                    "index": 0,
                    "value": "A"
                }, {
                    "index": "input_type",
                    "value": "1"
                }
            ]
        }, {
            "x": 0,
            "y": -80,
            "label": "W Pressed",
            "node_type": "NLKeyPressedCondition",
            "links": [],
            "values": [
                {
                    "index": 0,
                    "value": "W"
                }, {
                    "index": "input_type",
                    "value": "1"
                }
            ]
        }, {
            "x": 0,
            "y": -120,
            "label": "S Pressed",
            "node_type": "NLKeyPressedCondition",
            "links": [],
            "values": [
                {
                    "index": 0,
                    "value": "S"
                }, {
                    "index": "input_type",
                    "value": "1"
                }
            ]
        }, {
            "x": 220,
            "y": -40,
            "label": "A or D pressed",
            "node_type": "LogicNodeMath",
            "links": [[0, 0, 0], [1, 0, 1]],
            "values": [
                {
                    "index": "operator",
                    "value": "1"
                }
            ]
        }, {
            "x": 220,
            "y": -80,
            "label": "W or S pressed",
            "node_type": "LogicNodeMath",
            "links": [[2, 0, 0], [3, 0, 1]],
            "values": [
                {
                    "index": "operator",
                    "value": "1"
                }
            ]
        }, {
            "x": 440,
            "y": -60,
            "label": "Build Vector",
            "node_type": "NLParameterVector3SimpleNode",
            "links": [[4, 0, 0], [5, 0, 1]],
            "values": []
        }, {
            "x": 660,
            "y": -60,
            "label": "Normalize",
            "node_type": "LogicNodeVectorMath",
            "links": [[6, 0, 0]],
            "values": [
                {
                    "index": "operator",
                    "value": "19"
                }
            ]
        }, {
            "x": 660,
            "y": -100,
            "label": "Speed",
            "node_type": "LogicNodeSimpleValue",
            "links": [],
            "values": [
                {
                    "index": 0,
                    "value": 0.1
                }
            ]
        }, {
            "x": 880,
            "y": -40,
            "label": "On Update",
            "node_type": "NLOnUpdateConditionNode",
            "links": [],
            "values": []
        }, {
            "x": 880,
            "y": -80,
            "label": "Calc Speed",
            "node_type": "LogicNodeVectorMath",
            "links": [[7, 1, 0], [8, 0, 3]],
            "values": [
                {
                    "index": "operator",
                    "value": "18"
                }
            ]
        }, {
            "x": 1100,
            "y": -60,
            "label": "Move Object",
            "node_type": "LogicNodeApplyTransform",
            "links": [[9, 0, 0], [10, 1, 2]],
            "values": [
                {
                    "index": "local",
                    "value": true
                },
                {
                    "index": 1,
                    "type": "use_owner",
                    "value": true
                }
            ]
        }
    ]
}